continente,puntuacion,precio
Amrica,86.62399432087079,22.27227011494253
Asia,88.14285714285714,29.510344827586206
Australia y Oceana,88.58283772302464,35.786701208981
Europa,88.78086882088594,27.230575810912747
